site,维度,经度
北京・海淀区・白石桥,39.94,116.33
北京・西城区・西四,39.92,116.37
北京・朝阳区・望京,40.00,116.47
北京・昌平区・天通苑,40.08,116.41
北京・西城区・广内大街,39.89,116.36
北京・海淀区・清河,40.04,116.31
北京・海淀区・中关村,39.99,116.32
北京・昌平区・立水桥,40.06,116.41
北京・朝阳区・望京,40.00,116.47
北京・西城区・新街口,39.94,116.37
北京・朝阳区・小红门,39.83,116.46
北京・朝阳区・望京,40.00,116.47
北京・朝阳区・劲松,39.88,116.46
北京・朝阳区・大望路,39.91,116.48
北京・朝阳区・798,39.99,116.49
北京・东城区・建国门内,39.91,116.42
北京・海淀区・西北旺,40.05,116.25
北京・海淀区・中关村,39.99,116.32
北京・西城区・西直门,39.94,116.35
北京・昌平区・北七家,40.11,116.43
北京・朝阳区・望京,40.00,116.47
北京・朝阳区・左家庄,39.95,116.45
北京・朝阳区・三元桥,39.96,116.45
北京・大兴区・亦庄,39.80,116.51
北京・朝阳区・东大桥,39.92,116.45
北京・海淀区・上地,40.03,116.32
北京・西城区・西单,39.91,116.38
北京・丰台区・北大地,39.86,116.28
北京・朝阳区・酒仙桥,39.97,116.49
北京・海淀区・万寿路,39.91,116.29
北京・丰台区・刘家窑,39.86,116.42
北京・顺义区・央美博艺艺术馆,40.15,116.52
北京・通州区・新华大街,39.91,116.66
北京・海淀区・西二旗,40.05,116.31
北京・丰台区・看丹桥,39.84,116.29
北京・海淀区・双榆树,39.97,116.32
北京・丰台区・科技园区,39.82,116.30
北京・昌平区・回龙观,40.06,116.32
北京・海淀区・万寿路,39.91,116.29
北京・海淀区・清河,40.04,116.31
北京・海淀区・公主坟,39.91,116.31
北京・海淀区・清河,40.04,116.31
北京・朝阳区・呼家楼,39.92,116.46
北京,39.89,116.32
北京・海淀区・知春路,39.98,116.33
北京・顺义区・后沙峪,40.10,116.54
北京・海淀区・魏公村,39.96,116.32
北京・朝阳区・立水桥,40.05,116.41
北京・海淀区・西北旺,40.05,116.25
北京・海淀区・马连洼,40.03,116.27
北京・海淀区・中关村,39.99,116.32
北京・朝阳区・望京,40.00,116.47
北京・海淀区・航天桥,39.92,116.31
北京・朝阳区・三里屯,39.94,116.46
北京・海淀区・中关村,39.99,116.32
北京・朝阳区・798,39.99,116.49
北京・昌平区・回龙观,40.06,116.32
北京・海淀区・北下关,39.94,116.35
北京,39.89,116.32
北京・朝阳区・安贞,39.97,116.40
北京・丰台区・大红门,39.83,116.40
北京・海淀区・五道口,39.99,116.34
北京・朝阳区・大山子,39.98,116.49
北京・海淀区・上地,40.03,116.32
北京・海淀区・上地,40.03,116.32
北京・海淀区・中关村,39.99,116.32
北京・丰台区・菜户营,39.87,116.34
北京,39.89,116.32
北京・朝阳区・十里堡,39.92,116.50
北京・西城区・西直门,39.94,116.35
北京・朝阳区・望京,40.00,116.47
北京,39.89,116.32
北京・朝阳区・高碑店,39.90,116.53
北京・东城区・安定门,39.95,116.41
北京,39.89,116.32
北京・大兴区・西红门,39.79,116.33
北京,39.89,116.32
北京・朝阳区・左家庄,39.95,116.45
北京・朝阳区・三元桥,39.96,116.45
北京・西城区・动物园,39.94,116.34
北京・朝阳区・四惠,39.91,116.50
北京・海淀区・学院路,39.99,116.35
北京・大兴区・亦庄,39.80,116.51
北京・朝阳区・姚家园,39.95,116.52
北京・海淀区・中关村,39.99,116.32
北京・朝阳区・国贸,39.91,116.46
北京・海淀区・公主坟,39.91,116.31
北京・海淀区・清河,40.04,116.31
北京・朝阳区・酒仙桥,39.97,116.49
北京・房山区・阎村,39.72,116.09
北京・海淀区・西北旺,40.05,116.25
北京・朝阳区・高碑店,39.90,116.53
北京・朝阳区・双井,39.89,116.46
北京・海淀区・上地,40.03,116.32
北京・海淀区・学院路,39.99,116.35
北京・海淀区・清河,40.04,116.31
北京・海淀区・上地,40.03,116.32
北京・朝阳区・安贞,39.97,116.40
北京・朝阳区・望京,40.00,116.47
北京・朝阳区・国贸,39.91,116.46
北京・朝阳区・北沙滩,40.01,116.37
北京・朝阳区・望京,40.00,116.47
北京・朝阳区・望京,40.00,116.47
北京・朝阳区・太阳宫,39.97,116.45
北京・东城区・和平里,39.96,116.42
北京・海淀区・知春路,39.98,116.33
北京,39.89,116.32
北京・海淀区・西北旺,40.05,116.25
北京・朝阳区・酒仙桥,39.97,116.49
北京・顺义区・仁和,40.10,116.68
北京・朝阳区・鸟巢,39.99,116.40
北京・西城区・金融街,39.91,116.36
北京・西城区・什刹海,39.94,116.39
北京・西城区・宣武门,39.90,116.37
北京・朝阳区・将台路,39.97,116.49
北京・朝阳区・农业展览馆,39.94,116.46
北京・丰台区・科技园区,39.82,116.30
北京・昌平区・天通苑,40.08,116.41
北京・海淀区・颐和园,40.00,116.28
北京・东城区・东直门,39.94,116.43
北京・海淀区・人民大学,39.97,116.31
北京・海淀区・苏州街,39.98,116.31
北京・朝阳区・国贸,39.91,116.46
北京・海淀区・马连洼,40.03,116.27
北京・门头沟区・永定,39.90,116.12
北京・大兴区・亦庄,39.80,116.51
北京・西城区・西便门,39.90,116.35
北京・朝阳区・二外,39.91,116.56
北京・朝阳区・常营,39.93,116.60
北京・丰台区・科技园区,39.82,116.30
北京・顺义区・后沙峪,40.10,116.54
北京・朝阳区・望京,40.00,116.47
北京・海淀区・西北旺,40.05,116.25
北京・海淀区・中关村,39.99,116.32
北京・朝阳区・管庄,39.90,116.60
北京・海淀区・上地,40.03,116.32
北京,39.89,116.32
北京・海淀区・上地,40.03,116.32
北京,39.89,116.32
北京・朝阳区・甘露园,39.92,116.52
北京・海淀区・知春路,39.98,116.33
北京・朝阳区・安贞,39.97,116.40
北京・海淀区・西北旺,40.05,116.25
北京・朝阳区・朝阳门,39.92,116.43
北京・海淀区・西北旺,40.05,116.25
北京・海淀区・双榆树,39.97,116.32
北京・丰台区・宋家庄,39.85,116.43
北京・丰台区・丽泽,39.87,116.33
北京・顺义区・马坡,40.17,116.63
北京,39.89,116.32
北京・海淀区・中关村,39.99,116.32
北京・海淀区・上地,40.03,116.32
北京・朝阳区・水立方,39.99,116.39
北京・西城区・阜成门,39.92,116.36
北京・海淀区・中关村,39.99,116.32
北京・海淀区・中关村,39.99,116.32
北京・朝阳区・望京,40.00,116.47
北京・朝阳区・亮马桥,39.95,116.46
北京・大兴区・马驹桥,39.73,116.46
北京・海淀区・清河,40.04,116.31
北京・朝阳区・国贸,39.91,116.46
北京・朝阳区・朝阳大悦城,39.92,116.52
北京・朝阳区・高碑店,39.90,116.53
北京・朝阳区・望京,40.00,116.47
北京・朝阳区・朝外,39.92,116.44
北京・昌平区・回龙观,40.06,116.32
北京・朝阳区・百子湾,39.89,116.50
北京・朝阳区・东坝,39.95,116.56
北京・海淀区・西北旺,40.05,116.25
北京・朝阳区・四惠东,39.91,116.52
北京・西城区・百万庄,39.93,116.34
北京・顺义区・后沙峪,40.10,116.54
北京・海淀区・四季青,39.95,116.28
北京・海淀区・马连洼,40.03,116.27
北京・东城区・和平里,39.96,116.42
北京・昌平区・天通苑,40.08,116.41
北京・海淀区・中关村,39.99,116.32
北京・海淀区・北太平庄,39.97,116.37
北京・海淀区・上地,40.03,116.32
北京・东城区・东单,39.91,116.42
北京・朝阳区・慈云寺,39.92,116.49
北京・海淀区・公主坟,39.91,116.31
北京・朝阳区・酒仙桥,39.97,116.49
北京・朝阳区・高碑店,39.90,116.53
北京・昌平区・沙河,40.15,116.29
北京・丰台区・花乡,39.83,116.32
北京・东城区・和平里,39.96,116.42
北京・海淀区・西北旺,40.05,116.25
北京・丰台区・六里桥,39.88,116.31
北京・朝阳区・亚运村,39.99,116.41
北京・朝阳区・高碑店,39.90,116.53
北京・西城区・白纸坊,39.88,116.36
北京・通州区・九棵树,39.89,116.66
北京・海淀区・中关村,39.99,116.32
北京・石景山区・永乐,39.90,116.23
北京・朝阳区・望京,40.00,116.47
北京・海淀区・上地,40.03,116.32
北京・海淀区・万柳,39.97,116.30
北京・大兴区・亦庄,39.80,116.51
北京・海淀区・人民大学,39.97,116.31
北京・海淀区・花园桥,39.93,116.31
北京・朝阳区・国贸,39.91,116.46
北京・昌平区・立水桥,40.06,116.41
北京・海淀区・知春路,39.98,116.33
北京・海淀区・西北旺,40.05,116.25
北京・朝阳区・酒仙桥,39.97,116.49
北京・昌平区・西三旗,40.06,116.33
北京・通州区・九棵树,39.89,116.66
北京・海淀区・双榆树,39.97,116.32
北京・朝阳区・工体,39.93,116.45
北京・昌平区・二拨子村,40.08,116.30
北京・丰台区・科技园区,39.82,116.30
北京・东城区・东直门,39.94,116.43
北京・海淀区・西北旺,40.05,116.25
北京・朝阳区・太阳宫,39.97,116.45
北京・朝阳区・国贸,39.91,116.46
北京・朝阳区・望京,40.00,116.47
北京・海淀区・牡丹园,39.98,116.37
北京・朝阳区・东坝,39.95,116.56
北京・海淀区・西北旺,40.05,116.25
北京・大兴区・亦庄,39.80,116.51
北京・朝阳区・燕莎,39.88,116.49
北京・朝阳区・安贞,39.97,116.40
北京,39.89,116.32
北京・朝阳区・善各庄,40.03,116.48
北京・朝阳区・三元桥,39.96,116.45
北京・丰台区・科技园区,39.82,116.30
北京・东城区・北京站,39.90,116.43
北京・石景山区・金顶街,39.93,116.17
北京・海淀区・五道口,39.99,116.34
北京・海淀区・清河,40.04,116.31
北京・顺义区・光明,40.13,116.66
北京・西城区・金融街,39.91,116.36
北京・朝阳区・和平街,39.96,116.43
北京・朝阳区・亚运村,39.99,116.41
北京,39.89,116.32
北京・朝阳区・安贞,39.97,116.40
北京,39.89,116.32
北京・朝阳区・对外经贸,39.98,116.43
北京・海淀区・中关村,39.99,116.32
上海・浦东新区・金桥,31.25,121.60
上海・闵行区・虹桥,31.19,121.32
上海・浦东新区・张江,31.20,121.61
上海・浦东新区・金桥,31.25,121.60
上海・浦东新区・张江,31.20,121.61
上海・浦东新区・花木,31.21,121.54
上海・浦东新区・张江,31.20,121.61
上海・闵行区・虹桥,31.19,121.32
上海・静安区・汶水路,31.29,121.45
上海・浦东新区・陆家嘴,31.24,121.50
上海・普陀区・长征,31.24,121.38
上海・浦东新区・迪士尼,31.16,121.67
上海・杨浦区・东外滩,31.27,121.56
上海・虹口区・大柏树,31.29,121.48
上海・长宁区・中山公园,31.22,121.42
上海・浦东新区・塘桥,31.21,121.52
上海・嘉定区・江桥,31.24,121.32
上海・徐汇区・徐家汇,31.19,121.44
上海・浦东新区・陆家嘴,31.24,121.50
上海・嘉定区・安亭,31.29,121.16
上海・黄浦区・人民广场,31.23,121.48
上海・杨浦区・东外滩,31.27,121.56
上海・宝山区・大华,31.27,121.41
上海・徐汇区・漕河泾,31.17,121.42
上海・长宁区・仙霞,31.21,121.38
上海・长宁区・北新泾,31.22,121.37
上海・杨浦区・五角场,31.30,121.51
上海・普陀区・桃浦,31.28,121.35
上海・杨浦区・东外滩,31.27,121.56
上海・长宁区・中山公园,31.22,121.42
上海・浦东新区・张江,31.20,121.61
上海・长宁区・新华路,31.20,121.42
上海,31.26,121.40
上海・徐汇区・徐家汇,31.19,121.44
上海・浦东新区・张江,31.20,121.61
上海,31.26,121.40
上海・浦东新区・临港,30.89,121.91
上海・普陀区・长征,31.24,121.38
上海・松江区・新桥,31.07,121.32
上海,31.26,121.40
上海・浦东新区・张江,31.20,121.61
上海・长宁区・中山公园,31.22,121.42
上海・浦东新区・塘桥,31.21,121.52
上海・静安区・南京西路,31.23,121.46
上海・闵行区・浦江,31.08,121.52
上海・徐汇区・漕河泾,31.17,121.42
上海・普陀区・长风,31.22,121.40
上海・浦东新区・张江,31.20,121.61
上海・徐汇区・漕河泾,31.17,121.42
上海・浦东新区・金桥,31.25,121.60
上海・浦东新区・三林,31.14,121.51
上海・浦东新区・三林,31.14,121.51
上海・浦东新区・陆家嘴,31.24,121.50
上海・浦东新区・陆家嘴,31.24,121.50
上海・浦东新区・北蔡,31.18,121.55
上海・浦东新区・三林,31.14,121.51
上海・普陀区・长寿路,31.24,121.44
上海・宝山区・高境,31.32,121.48
上海・宝山区・淞南,31.34,121.49
上海・徐汇区・田林,31.17,121.41
上海・徐汇区・龙华,31.17,121.45
上海・普陀区・桃浦,31.28,121.35
上海・虹口区・周家嘴路,31.26,121.50
上海・虹口区・周家嘴路,31.26,121.50
上海・闵行区・浦江,31.08,121.52
上海・浦东新区・张江,31.20,121.61
上海,31.26,121.40
上海・闵行区・浦江,31.08,121.52
上海・黄浦区・打浦桥,31.21,121.47
上海・浦东新区・世纪公园,31.22,121.55
上海・徐汇区・徐家汇,31.19,121.44
上海,31.26,121.40
上海・浦东新区・康桥,31.13,121.57
上海・静安区・火车站,31.19,121.32
上海・长宁区・古北,31.20,121.40
上海・浦东新区・张江,31.20,121.61
上海・浦东新区・张江,31.20,121.61
上海・徐汇区・龙华,31.17,121.45
上海・浦东新区・世纪公园,31.22,121.55
上海・闵行区・莘庄,31.11,121.38
上海・普陀区・长风,31.22,121.40
上海・黄浦区・淮海路,31.22,121.47
上海・普陀区・光新,31.25,121.43
上海・长宁区・仙霞,31.21,121.38
上海・长宁区・仙霞,31.21,121.38
上海・浦东新区・张江,31.20,121.61
上海・浦东新区・张江,31.20,121.61
上海・浦东新区・源深,31.23,121.54
上海・杨浦区・五角场,31.30,121.51
上海・静安区・彭浦镇,31.29,121.43
上海・嘉定区・江桥,31.24,121.32
上海・长宁区・北新泾,31.22,121.37
上海,31.26,121.40
上海・浦东新区・周浦,31.11,121.58
上海・静安区・曹家渡,31.23,121.44
上海・嘉定区・江桥,31.24,121.32
上海・长宁区・仙霞,31.21,121.38
上海・黄浦区・外滩,31.23,121.49
上海・长宁区・北新泾,31.22,121.37
上海・闵行区・虹桥,31.19,121.32
上海・浦东新区・曹路,31.27,121.67
上海・宝山区・庙行,31.33,121.44
上海・闵行区・梅陇,31.12,121.41
上海・徐汇区・田林,31.17,121.41
上海・浦东新区・陆家嘴,31.24,121.50
上海・浦东新区・张江,31.20,121.61
上海・浦东新区・张江,31.20,121.61
上海・浦东新区・金桥,31.25,121.60
上海・杨浦区・五角场,31.30,121.51
上海・闵行区・静安新城,31.16,121.38
上海・浦东新区・张江,31.20,121.61
上海・浦东新区・金桥,31.25,121.60
上海・浦东新区・唐镇,31.21,121.66
上海・闵行区・南方商城,31.13,121.40
上海・杨浦区・东外滩,31.27,121.56
上海・闵行区・七宝,31.15,121.36
上海・浦东新区・张江,31.20,121.61
上海・徐汇区・康健,31.16,121.42
上海・普陀区・武宁,31.23,121.43
上海・长宁区・仙霞,31.21,121.38
上海・杨浦区・新江湾城,31.33,121.51
上海・嘉定区・嘉定镇,31.38,121.25
上海・浦东新区・张江,31.20,121.61
上海・徐汇区・田林,31.17,121.41
上海・浦东新区・御桥,31.16,121.57
上海,31.26,121.40
上海・黄浦区・人民广场,31.23,121.48
上海・杨浦区・延吉,31.28,121.53
上海・虹口区・曲阳,31.28,121.49
上海・徐汇区・徐家汇,31.19,121.44
上海・杨浦区・五角场,31.30,121.51
上海・长宁区・新华路,31.20,121.42
上海・闵行区・南方商城,31.13,121.40
上海・长宁区・北新泾,31.22,121.37
上海・浦东新区・塘桥,31.21,121.52
上海・浦东新区・唐镇,31.21,121.66
上海・长宁区・仙霞,31.21,121.38
上海・浦东新区・陆家嘴,31.24,121.50
上海・浦东新区・张江,31.20,121.61
上海・闵行区・莘庄,31.11,121.38
上海・浦东新区・联洋,31.23,121.56
上海・杨浦区・东外滩,31.27,121.56
上海・浦东新区・金桥,31.25,121.60
上海・浦东新区・陆家嘴,31.24,121.50
上海・闵行区・莘庄,31.11,121.38
上海・浦东新区・张江,31.20,121.61
上海・闵行区・浦江,31.08,121.52
上海・浦东新区・张江,31.20,121.61
上海・徐汇区・龙华,31.17,121.45
上海・闵行区・虹桥,31.19,121.32
上海・徐汇区・田林,31.17,121.41
上海・嘉定区・丰庄,31.25,121.36
上海・徐汇区・田林,31.17,121.41
上海・徐汇区・衡山路,31.20,121.45
上海・静安区・汶水路,31.29,121.45
上海・徐汇区・漕河泾,31.17,121.42
上海・徐汇区・漕河泾,31.17,121.42
上海・徐汇区・漕河泾,31.17,121.42
上海・徐汇区・龙华,31.17,121.45
上海・静安区・曹家渡,31.23,121.44
上海・浦东新区・金桥,31.25,121.60
上海・静安区・海宁路,31.25,121.47
上海・浦东新区,31.22,121.54
上海・浦东新区・世博,31.18,121.49
上海・黄浦区・新天地,31.22,121.47
上海・浦东新区・金桥,31.25,121.60
上海・闵行区・华漕,31.23,121.30
上海・浦东新区・张江,31.20,121.61
上海・徐汇区・漕河泾,31.17,121.42
上海・闵行区・龙柏,31.18,121.37
上海・虹口区・临平路,31.26,121.50
上海・松江区・中山,31.01,121.23
上海・浦东新区・张江,31.20,121.61
上海・普陀区・长征,31.24,121.38
上海・徐汇区・徐家汇,31.19,121.44
上海・浦东新区・陆家嘴,31.24,121.50
上海・闵行区・七宝,31.15,121.36
上海・闵行区・春申,31.11,121.41
上海・松江区・泗泾,31.11,121.28
上海・普陀区・真如,31.25,121.41
上海,31.26,121.40
上海・嘉定区・嘉定镇,31.38,121.25
上海・黄浦区・新天地,31.22,121.47
上海・杨浦区・黄兴公园,31.29,121.53
上海・杨浦区・中原,31.32,121.53
上海・浦东新区・张江,31.20,121.61
上海・浦东新区・八佰伴,31.23,121.52
上海・闵行区・七宝,31.15,121.36
上海・长宁区・江苏路,31.22,121.43
上海・闵行区・七宝,31.15,121.36
上海・普陀区・曹杨,31.24,121.41
上海・杨浦区・延吉,31.28,121.53
上海・浦东新区・陆家嘴,31.24,121.50
上海・静安区・大宁,31.27,121.45
上海・嘉定区・封浜,31.26,121.30
上海・徐汇区・龙华,31.17,121.45
上海・浦东新区・张江,31.20,121.61
上海・闵行区・七宝,31.15,121.36
上海・浦东新区・康桥,31.13,121.57
上海・静安区・大宁,31.27,121.45
上海・长宁区・古北,31.20,121.40
上海・静安区・南京西路,31.23,121.46
上海・浦东新区・曹路,31.27,121.67
上海・静安区・火车站,31.19,121.32
上海・闵行区・虹桥,31.19,121.32
上海・浦东新区・金桥,31.25,121.60
上海・杨浦区・东外滩,31.27,121.56
上海・虹口区・四川北路,31.25,121.48
上海・浦东新区・张江,31.20,121.61
上海・宝山区・上海大学,31.32,121.39
上海・浦东新区・张江,31.20,121.61
上海・静安区・大宁,31.27,121.45
上海・宝山区・庙行,31.33,121.44
上海,31.23,121.49
上海・浦东新区・周浦,31.11,121.58
上海・静安区・火车站,31.19,121.32
上海,31.23,121.49
上海・普陀区・长风,31.22,121.40
上海・杨浦区・东外滩,31.27,121.56
上海・嘉定区・南翔,31.30,121.32
上海・嘉定区・嘉定镇,31.38,121.25
上海・浦东新区・唐镇,31.21,121.66
上海・浦东新区・周浦,31.11,121.58
上海・徐汇区・漕河泾,31.17,121.42
上海・杨浦区・五角场,31.30,121.51
上海・浦东新区・张江,31.20,121.61
上海・奉贤区・金汇,30.99,121.50
上海・浦东新区・陆家嘴,31.24,121.50
上海・黄浦区・新天地,31.22,121.47
上海,31.23,121.47
上海・浦东新区・张江,31.20,121.61
上海・闵行区・梅陇,31.12,121.41
上海・徐汇区,31.19,121.44
上海・嘉定区・安亭,31.29,121.16
上海・浦东新区・陆家嘴,31.24,121.50
上海・普陀区・长风,31.22,121.40
上海・浦东新区・北蔡,31.18,121.55
上海・浦东新区・塘桥,31.21,121.52
上海・浦东新区・张江,31.20,121.61
上海・徐汇区・龙华,31.17,121.45
上海・浦东新区・联洋,31.23,121.56
上海・宝山区・淞南,31.34,121.49
上海・闵行区・漕宝路,31.16,121.37
上海・嘉定区・安亭,31.29,121.16
上海・浦东新区・张江,31.20,121.61
上海・闵行区・虹桥,31.19,121.32
上海・闵行区・莘庄,31.11,121.38
上海・杨浦区・五角场,31.30,121.51
上海・浦东新区・张江,31.20,121.61
上海・杨浦区・中原,31.32,121.53
上海・浦东新区・陆家嘴,31.24,121.50
上海・杨浦区・五角场,31.30,121.51
上海,31.23,121.47
上海・黄浦区・淮海路,31.22,121.47
上海・静安区・汶水路,31.29,121.45
上海・闵行区・华漕,31.23,121.30
上海・松江区・九亭,31.14,121.32
上海・浦东新区・临港,30.89,121.91
上海・宝山区・淞南,31.34,121.49
上海・浦东新区・张江,31.20,121.61
上海・徐汇区・龙华,31.17,121.45
上海・浦东新区・金桥,31.25,121.60
上海・长宁区・仙霞,31.21,121.38
上海・普陀区・长风,31.22,121.40
上海・浦东新区・张江,31.20,121.61
上海・浦东新区・张江,31.20,121.61
上海・普陀区・桃浦,31.28,121.35
上海・松江区・泗泾,31.11,121.28
上海・徐汇区・上海南站,31.15,121.43
上海・闵行区・虹桥,31.19,121.32
广州,23.13,113.26
广州・黄埔区・知识城,23.32,113.53
广州・海珠区・琶洲,23.10,113.37
广州,23.13,113.26
广州・黄埔区・科学城,23.17,113.44
广州・天河区・珠江新城,23.12,113.32
广州・番禺区・华南,23.05,113.38
广州・番禺区・大石,23.02,113.32
广州・番禺区・南村,23.01,113.39
广州・黄埔区・中心城,23.16,113.47
广州,23.13,113.26
广州,23.13,113.26
广州,23.13,113.26
广州・越秀区・中华广场,23.13,113.28
广州・番禺区・东环,22.96,113.37
广州・番禺区・大石,23.02,113.32
广州・增城区・荔城,23.29,113.82
广州・海珠区・赤岗,23.10,113.33
广州・海珠区・江南大道,23.10,113.27
广州・天河区・黄村,23.13,113.41
广州・荔湾区・西关,23.12,113.24
广州・天河区・棠下,23.13,113.38
广州・天河区・小新塘,23.16,113.41
广州・海珠区・南洲,23.06,113.30
广州・天河区・五山,23.15,113.35
广州・海珠区・琶洲,23.10,113.37
广州,23.13,113.26
广州・天河区・小新塘,23.16,113.41
广州・黄埔区・科学城,23.17,113.44
广州・天河区・岗顶,23.13,113.34
广州・越秀区・淘金,23.14,113.29
广州・番禺区・洛溪,23.04,113.30
广州・天河区・岑村,23.17,113.38
广州・海珠区・赤岗,23.10,113.33
广州・番禺区・万达,23.01,113.35
广州・海珠区・琶洲,23.10,113.37
广州・天河区・东圃,23.13,113.41
广州・天河区,23.12,113.36
广州・天河区・岗顶,23.13,113.34
广州・黄埔区,23.18,113.48
广州・黄埔区・科学城,23.17,113.44
广州・越秀区・东湖,23.12,113.29
广州・番禺区・钟村,22.97,113.32
广州・黄埔区・中心城,23.16,113.47
广州・天河区・天河北,23.14,113.33
广州・天河区・小新塘,23.16,113.41
广州・天河区・天河公园,23.13,113.37
广州・番禺区・番禺广场,22.94,113.39
广州・番禺区・南村,23.01,113.39
广州・海珠区・赤岗,23.10,113.33
广州,23.13,113.26
广州・天河区・棠下,23.13,113.38
广州・天河区・黄村,23.13,113.41
广州・海珠区・琶洲,23.10,113.37
广州・越秀区・东风东,23.13,113.31
广州,23.13,113.26
广州・海珠区・新港西路沿线,23.07,113.29
广州・黄埔区・科学城,23.17,113.44
广州・南沙区・金洲,22.80,113.54
广州・天河区・沙河,23.16,113.31
广州・天河区・华景新城,23.14,113.36
广州・天河区・高唐,23.19,113.41
广州・天河区・珠江新城,23.12,113.32
广州・番禺区・番禺广场,22.94,113.39
广州・花都区・花山,23.44,113.27
广州・白云区・龙归,23.28,113.31
广州・南沙区・南沙区府,22.80,113.53
广州・海珠区・赤岗,23.10,113.33
广州・天河区・东圃,23.13,113.41
广州・天河区・珠江新城,23.12,113.32
广州・海珠区・琶洲,23.10,113.37
广州・海珠区・琶洲,23.10,113.37
广州・天河区・棠下,23.13,113.38
广州・海珠区・琶洲,23.10,113.37
广州・天河区・车陂,23.12,113.40
广州・越秀区・中华广场,23.13,113.28
广州・增城区・新塘广场,23.12,113.61
广州・番禺区・石楼,22.97,113.48
广州・番禺区・东环,22.96,113.37
广州・天河区・龙口,23.14,113.34
广州・天河区・跑马场,23.12,113.35
广州・天河区・元岗,23.17,113.34
广州・天河区・东圃,23.13,113.41
广州・香洲区・唐家湾,22.36,113.55
广州・番禺区・大石,23.02,113.32
广州・天河区・天河公园,23.13,113.37
广州・天河区・长兴,23.17,113.36
广州・天河区・车陂,23.12,113.39
广州・番禺区・市桥,22.94,113.36
广州,23.13,113.26
广州・天河区・小新塘,23.16,113.41
广州・黄埔区・科学城,23.17,113.44
广州・花都区・铁路西,23.36,113.20
广州・黄埔区・东圃,23.11,113.40
广州・天河区・珠江新城,23.12,113.32
广州・海珠区・赤岗,23.10,113.33
广州・海珠区・滨江路沿线,23.07,113.27
广州・白云区・元岗,23.18,113.33
广州・天河区・珠江新城,23.12,113.32
广州・白云区・永泰,23.22,113.31
广州・越秀区・人民北路,23.14,113.26
广州,23.13,113.26
广州・黄埔区・科学城,23.17,113.44
广州・黄埔区・科学城,23.17,113.44
广州,23.13,113.26
广州・越秀区・环市东,23.14,113.29
广州・海珠区・琶洲,23.10,113.37
广州・越秀区・建设路,23.13,113.28
广州・黄埔区・科学城,23.17,113.44
广州・天河区・跑马场,23.12,113.35
广州・天河区・猎德,23.12,113.33
广州・番禺区・华南,23.05,113.38
广州・天河区・龙口,23.14,113.34
广州・天河区・棠下,23.13,113.38
广州・天河区・车陂,23.12,113.39
广州・黄埔区・中心城,23.16,113.47
广州・越秀区・五羊新城,23.12,113.31
广州・番禺区・大学城,23.05,113.39
广州・天河区・东站,23.15,113.32
广州・黄埔区・南岗,23.10,113.54
广州・天河区・五山,23.15,113.35
广州・天河区・天河北,23.14,113.33
广州・荔湾区・坑口,23.08,113.23
广州・越秀区・水荫,23.14,113.31
广州・黄埔区・科学城,23.17,113.44
广州・荔湾区・芳村,23.10,113.24
广州・天河区・棠下,23.13,113.38
广州・天河区・跑马场,23.12,113.35
广州,23.13,113.26
广州・海珠区・江南大道,23.10,113.27
广州,23.13,113.26
广州・番禺区・长隆,23.00,113.32
广州・海珠区・赤岗,23.09,113.33
广州・番禺区・大学城,23.05,113.39
广州・番禺区・钟村,22.97,113.32
广州・天河区・天河公园,23.13,113.37
广州・海珠区・琶洲,23.10,113.37
广州・花都区・炭步,23.34,113.11
广州・天河区・珠江新城,23.12,113.32
广州・海珠区・琶洲,23.10,113.37
广州・越秀区・建设,23.13,113.28
广州・天河区・天平架,23.16,113.32
广州・越秀区・天河北,23.14,113.31
广州・天河区・龙口,23.14,113.34
广州・天河区・小新塘,23.16,113.41
广州・白云区・嘉禾,23.23,113.28
广州・天河区・珠江新城,23.12,113.32
广州・天河区・五山,23.15,113.35
广州・黄埔区・文冲,23.10,113.47
广州・荔湾区・东i,23.06,113.25
广州・天河区・车陂,23.12,113.40
广州・海珠区・琶洲,23.10,113.37
广州・黄埔区・科学城,23.17,113.44
广州・天河区・珠江新城,23.12,113.32
广州・黄埔区・科学城,23.17,113.44
广州・白云区・太和,23.30,113.35
广州・番禺区・钟村,22.97,113.32
广州・番禺区・大学城,23.05,113.39
广州,23.13,113.26
广州・黄埔区・科学城,23.17,113.44
广州・南沙区・金洲,22.80,113.54
广州・天河区・东圃,23.13,113.41
广州・白云区・机场路,23.16,113.26
广州・天河区・天河公园,23.13,113.37
广州・越秀区・建设,23.13,113.28
广州・花都区・莲塘,23.39,113.25
广州・黄埔区・东圃,23.11,113.40
广州・天河区・跑马场,23.12,113.35
广州・番禺区・华南,23.05,113.38
广州・黄埔区・荔联,23.11,113.55
广州・海珠区・广州大道南,23.08,113.31
广州・黄埔区・科学城,23.17,113.44
广州・海珠区・赤岗,23.09,113.33
广州・海珠区・琶洲,23.10,113.37
广州・天河区・东圃,23.13,113.41
广州・海珠区,23.08,113.32
广州・海珠区・琶洲,23.10,113.37
广州・海珠区・赤岗,23.09,113.33
广州・天河区・猎德,23.12,113.33
广州・天河区・华景新城,23.14,113.36
广州・天河区・猎德,23.12,113.33
广州・南沙区・金洲,22.80,113.54
广州・越秀区・东风东,23.13,113.31
广州・越秀区・黄花岗,23.14,113.30
广州・海珠区・赤岗,23.09,113.33
广州・越秀区・沿江路,23.11,113.28
广州・天河区・珠江新城,23.12,113.32
广州・海珠区・新港西路沿线,23.07,113.29
广州・番禺区・华南,23.05,113.38
广州・白云区・机场路,23.16,113.26
广州・天河区・龙洞,23.20,113.37
广州・黄埔区・科学城,23.17,113.44
广州・黄埔区・科学城,23.17,113.44
广州・白云区・白云大道,23.20,113.29
广州・番禺区・大石,23.02,113.32
广州・番禺区・长隆,23.00,113.32
广州・黄埔区・科学城,23.17,113.44
广州・海珠区・琶洲,23.10,113.37
广州・天河区・天河公园,23.13,113.37
广州・天河区・天河公园,23.13,113.37
广州・白云区・机场路,23.16,113.26
广州・番禺区・华南,23.05,113.38
广州・天河区・小新塘,23.16,113.41
广州・黄埔区・科学城,23.17,113.44
广州・海珠区・琶洲,23.10,113.37
广州・天河区・小新塘,23.16,113.41
广州・海珠区・华洲,23.07,113.35
广州・花都区・建设北路,23.40,113.21
广州・天河区・车陂,23.12,113.40
广州・天河区・天园,23.12,113.38
广州・番禺区・大学城,23.05,113.39
广州・天河区・珠江新城,23.12,113.32
广州・越秀区・北京路,23.12,113.27
广州・南沙区・黄阁,22.82,113.52
广州・天河区・珠江新城,23.12,113.32
广州・增城区・新塘广场,23.12,113.61
广州・海珠区・新港西路沿线,23.07,113.29
广州・黄埔区・荔联,23.11,113.55
广州・越秀区・北京路,23.12,113.27
广州・番禺区・南村,23.01,113.39
广州・天河区・员村,23.12,113.36
广州・黄埔区・文冲,23.10,113.47
广州・白云区・机场路,23.16,113.26
广州・番禺区・长隆,23.00,113.32
广州・海珠区・工业大道,23.07,113.28
广州・白云区・江高,23.28,113.22
广州・黄埔区・中心城,23.16,113.47
广州・增城区・中新,23.29,113.62
广州・天河区・高唐,23.19,113.41
广州・天河区・五山,23.15,113.35
广州・越秀区・东风东,23.13,113.31
广州・白云区・三元里,23.16,113.27
广州・黄埔区・大沙,23.11,113.45
广州・天河区・珠江新城,23.12,113.32
广州・番禺区・市桥,22.94,113.36
广州・越秀区・北京路,23.12,113.27
广州・天河区・棠下,23.13,113.38
广州・天河区・岗顶,23.13,113.34
广州・白云区・嘉禾,23.23,113.28
广州・黄埔区・科学城,23.17,113.44
广州・黄埔区・万达广场,23.17,113.47
广州・越秀区・东风东,23.13,113.31
广州・天河区・棠下,23.13,113.38
广州・越秀区・麓湖公园,23.15,113.28
广州・海珠区・赤岗,23.09,113.33
广州・天河区・长兴,23.17,113.36
广州・海珠区・客村,23.10,113.32
广州・荔湾区・黄沙,23.11,113.24
广州・番禺区・长隆,23.00,113.32
广州・白云区・嘉禾,23.23,113.28
广州・天河区・冼村,23.13,113.33
广州・南沙区・金洲,22.80,113.54
广州・番禺区・洛溪,23.04,113.30
广州,23.13,113.26
广州・天河区・天河公园,23.13,113.37
广州・番禺区・长隆,23.00,113.32
广州・黄埔区・大沙,23.11,113.45
广州・海珠区・琶洲,23.10,113.37
广州・天河区・东圃,23.13,113.41
广州・番禺区・祈福,22.97,113.33
广州・天河区・燕岭,23.16,113.33
广州・天河区・猎德,23.12,113.33
广州,23.13,113.26
广州・荔湾区・芳村,23.10,113.24
广州・黄埔区・科学城,23.17,113.44
广州・番禺区・市桥,22.94,113.36
广州・越秀区・北京路,23.12,113.27
广州・黄埔区・大沙,23.11,113.45
广州・越秀区・东风中路,23.13,113.27
广州,23.13,113.26
深圳・福田区・华强南,22.54,114.09
深圳・龙岗区・坂田,22.63,114.07
深圳・坪山区・竹坑,22.72,114.40
深圳・南山区・海岸城,22.52,113.94
深圳・龙岗区・坂田,22.63,114.07
深圳・南山区・科技园,22.56,113.95
深圳・福田区・华强北,22.55,114.09
深圳・南山区・深圳湾,22.50,113.95
深圳・南山区・科技园,22.56,113.95
深圳・南山区・科技园,22.56,113.95
深圳・南山区・科技园,22.56,113.95
深圳・福田区・保税区,22.51,114.06
深圳・福田区・华强北,22.55,114.09
深圳・南山区・前海,22.52,113.88
深圳・南山区・科技园,22.56,113.95
深圳・南山区・蛇口,22.49,113.93
深圳・南山区・科技园,22.56,113.95
深圳・南山区・大学城,22.58,113.97
深圳・南山区・科技园,22.56,113.95
深圳,22.54,114.06
深圳・宝安区・西乡,22.58,113.88
深圳・南山区・海岸城,22.52,113.94
深圳・宝安区・福永,22.68,113.81
深圳・龙岗区・坂田,22.63,114.07
深圳・南山区・南头,22.55,113.92
深圳・南山区・科技园,22.56,113.95
深圳・宝安区・西乡,22.58,113.88
深圳・龙岗区・坂田,22.63,114.07
深圳・南山区・西丽,22.58,113.95
深圳・福田区・车公庙,22.54,114.03
深圳・南山区・科技园,22.56,113.95
深圳・宝安区・福永,22.68,113.81
深圳・罗湖区・国贸,22.54,114.12
深圳・南山区・蛇口,22.49,113.93
深圳・南山区・科技园,22.56,113.95
深圳・福田区・新洲,22.52,114.05
深圳・福田区・华强北,22.55,114.09
深圳・南山区・西丽,22.58,113.95
深圳・南山区・科技园,22.56,113.95
深圳・南山区・西丽,22.58,113.95
深圳・南山区・深圳湾,22.50,113.95
深圳・罗湖区・黄贝,22.55,114.14
深圳・龙华区・观澜,22.72,114.05
深圳・南山区・科技园,22.56,113.95
深圳・南山区・科技园,22.56,113.95
深圳・南山区・科技园,22.56,113.95
深圳・南山区・科技园,22.56,113.95
深圳・南山区・科技园,22.56,113.95
深圳・龙岗区・坂田,22.63,114.07
深圳・福田区・景田,22.55,114.04
深圳・宝安区・西乡,22.58,113.88
深圳・南山区・后海,22.52,113.94
深圳・南山区・科技园,22.56,113.95
深圳・南山区・科技园,22.56,113.95
深圳・南山区・科技园,22.56,113.95
深圳・南山区・科技园,22.56,113.95
深圳・龙华区・民治,22.62,114.04
深圳・福田区・华强南,22.54,114.09
深圳・龙岗区・布吉,22.61,114.13
深圳・龙岗区・坂田,22.63,114.07
深圳・南山区・西丽,22.58,113.95
深圳・南山区・科技园,22.56,113.95
深圳・南山区・科技园,22.56,113.95
深圳・南山区・科技园,22.56,113.95
深圳・福田区・车公庙,22.54,114.03
深圳・南山区・西丽,22.58,113.95
深圳・南山区・南头,22.55,113.92
深圳・宝安区・西乡,22.58,113.88
深圳・南山区・科技园,22.56,113.95
深圳・南山区・后海,22.52,113.94
深圳・福田区・华强北,22.55,114.09
深圳・龙岗区・坂田,22.63,114.07
深圳・南山区・蛇口,22.49,113.93
深圳・南山区・科技园,22.56,113.95
深圳・南山区・南头,22.55,113.92
深圳,22.54,114.06
深圳・南山区・海上世界,22.48,113.92
深圳・宝安区・西乡,22.58,113.88
深圳・南山区・科技园,22.56,113.95
深圳・南山区・科技园,22.56,113.95
深圳・南山区・前海,22.52,113.88
深圳・南山区・科技园,22.56,113.95
深圳・宝安区・福永,22.68,113.81
深圳・福田区・梅林,22.57,114.04
深圳・南山区・科技园,22.56,113.95
深圳・宝安区・宝安中心区,22.56,113.89
深圳・南山区・海岸城,22.52,113.94
深圳・南山区・大学城,22.58,113.97
深圳・龙岗区・坂田,22.63,114.07
深圳・宝安区・宝安中心区,22.56,113.89
深圳・南山区・科技园,22.56,113.95
深圳・南山区・科技园,22.56,113.95
深圳・南山区・科技园,22.56,113.95
深圳・龙岗区・大运,22.69,114.23
深圳・南山区・科技园,22.56,113.95
深圳・南山区・海岸城,22.52,113.94
深圳,22.54,114.06
深圳・福田区・保税区,22.51,114.06
深圳・福田区・梅林,22.57,114.04
深圳・龙华区・民治,22.62,114.04
深圳・宝安区・福永,22.68,113.81
深圳・龙岗区・坂田,22.63,114.07
深圳・宝安区・新安,22.55,113.89
深圳・南山区・科技园,22.56,113.95
深圳・龙岗区・坂田,22.63,114.07
深圳・福田区・梅林,22.57,114.06
深圳・福田区・车公庙,22.54,114.03
深圳・南山区・科技园,22.56,113.95
深圳・福田区・沙头,22.52,114.03
深圳・南山区・科技园,22.56,113.95
深圳・福田区・华强北,22.55,114.09
深圳・福田区・车公庙,22.54,114.03
深圳・南山区・深圳湾,22.50,113.95
深圳・龙华区・龙华,22.70,114.04
深圳・龙华区・龙华,22.70,114.04
深圳・福田区・香蜜湖,22.55,114.03
深圳・宝安区・西乡,22.58,113.88
深圳・南山区・科技园,22.56,113.95
深圳・龙岗区・坂田,22.63,114.07
深圳・坪山区・坪山,22.71,114.35
深圳・福田区・车公庙,22.54,114.03
深圳・龙岗区・横岗,22.64,114.21
深圳・龙岗区・大运,22.69,114.23
深圳・龙岗区・横岗,22.64,114.21
深圳・宝安区・沙井,22.72,113.83
深圳・龙华区・龙华,22.70,114.04
深圳・龙华区・大浪,22.67,114.00
深圳・南山区・科技园,22.56,113.95
深圳・宝安区・福永,22.68,113.81
深圳・龙岗区・坂田,22.63,114.07
深圳・南山区・科技园,22.56,113.95
深圳・南山区・科技园,22.56,113.95
深圳・宝安区・新安,22.55,113.89
深圳・龙岗区・坂田,22.63,114.07
深圳・南山区・蛇口,22.49,113.93
深圳・龙华区・观澜,22.72,114.05
深圳・南山区・海岸城,22.52,113.94
深圳・龙岗区・坂田,22.63,114.07
深圳・宝安区・新安,22.55,113.89
深圳・福田区・华强南,22.54,114.09
深圳・龙华区・观澜,22.72,114.05
深圳・南山区・科技园,22.56,113.95
深圳・福田区・车公庙,22.54,114.03
深圳・福田区・新洲,22.52,114.05
深圳・宝安区・沙井,22.72,113.83
深圳・福田区・车公庙,22.54,114.03
深圳・福田区・黄木岗,22.56,114.09
深圳・南山区・科技园,22.56,113.95
深圳・南山区・科技园,22.56,113.95
深圳・南山区・海岸城,22.52,113.94
深圳・宝安区・西乡,22.58,113.88
深圳・福田区・会展中心,22.53,114.06
深圳・光明区・光明,22.75,113.94
深圳・福田区・梅林,22.57,114.06
深圳・宝安区・西乡,22.58,113.88
深圳・福田区・华强北,22.55,114.09
深圳・宝安区・福永,22.68,113.81
深圳・南山区・科技园,22.56,113.95
深圳・南山区・海岸城,22.52,113.94
深圳・龙华区・观澜,22.72,114.05
深圳・南山区・科技园,22.56,113.95
深圳・龙华区・龙华,22.70,114.04
深圳・南山区・科技园,22.56,113.95
深圳・龙华区・龙华,22.70,114.04
深圳・宝安区・新安,22.55,113.89
深圳・龙岗区・坂田,22.63,114.07
深圳・南山区・科技园,22.56,113.95
深圳・南山区・科技园,22.56,113.95
深圳・南山区・科技园,22.56,113.95
深圳・宝安区,22.55,113.88
深圳,22.54,114.06
深圳・龙华区・民治,22.62,114.04
深圳・南山区・蛇口,22.49,113.93
深圳・宝安区・西乡,22.58,113.88
深圳・南山区・深圳湾,22.50,113.95
深圳・南山区・后海,22.52,113.94
深圳・南山区・科技园,22.56,113.95
深圳・福田区・岗厦,22.53,114.07
深圳・宝安区・桃源居,22.62,113.86
深圳・南山区・科技园,22.56,113.95
深圳・宝安区・固戍,22.60,113.85
深圳・南山区・南山中心,22.52,113.94
深圳・南山区・科技园,22.56,113.95
深圳・南山区・科技园,22.56,113.95
深圳・龙华区・大浪,22.67,114.00
深圳・罗湖区・园岭,22.55,114.10
深圳,22.54,114.06
深圳・福田区・福田保税区,22.51,114.04
深圳・宝安区・西乡,22.58,113.88
深圳・福田区・福田保税区,22.51,114.04
深圳・龙岗区・坂田,22.63,114.07
深圳・福田区・新洲,22.52,114.05
深圳・福田区・车公庙,22.54,114.03
深圳・南山区・深圳湾,22.50,113.95
深圳・光明区・圳美,22.79,113.95
深圳・宝安区・宝安机场,22.62,113.81
深圳・福田区・梅林,22.57,114.04
深圳・南山区・科技园,22.56,113.95
深圳・福田区・景田,22.55,114.04
深圳・福田区・会展中心,22.53,114.06
深圳・龙华区・深圳北站,22.61,114.03
深圳・南山区・科技园,22.56,113.95
深圳・龙岗区・坂田,22.63,114.07
深圳・南山区・科技园,22.56,113.95
深圳・南山区・西丽,22.58,113.95
深圳・龙华区・龙华,22.70,114.04
深圳・南山区・西丽,22.58,113.95
深圳・龙华区・观澜,22.72,114.05
深圳・罗湖区・笋岗,22.56,114.11
深圳・龙岗区・坂田,22.63,114.07
深圳・南山区・南头,22.55,113.92
深圳・宝安区・新安,22.55,113.89
深圳・南山区・科技园,22.56,113.95
深圳・南山区・科技园,22.56,113.95
深圳・南山区・南头,22.55,113.92
深圳・福田区・车公庙,22.54,114.03
深圳・龙岗区・平湖,22.68,114.13
深圳・罗湖区・国贸,22.54,114.12
深圳・南山区・科技园,22.56,113.95
深圳・福田区・会展中心,22.53,114.06
深圳・南山区・科技园,22.56,113.95
深圳・龙华区・龙华,22.70,114.04
深圳・宝安区・西乡,22.58,113.88
深圳・南山区・西丽,22.58,113.95
深圳・南山区・西丽,22.58,113.95
深圳・龙华区・龙华,22.70,114.04
深圳・南山区・大冲,22.54,113.95
深圳・福田区・华强南,22.54,114.09
深圳・福田区・梅林,22.57,114.06
深圳・宝安区・新安,22.55,113.89
深圳・龙华区・龙华,22.70,114.04
深圳・罗湖区・莲塘,22.56,114.17
深圳・福田区・车公庙,22.54,114.03
深圳・龙岗区・坂田,22.63,114.07
深圳・南山区・科技园,22.56,113.95
深圳・福田区・园岭,22.56,114.10
深圳・福田区・下沙,22.53,114.02
深圳・龙华区・龙华,22.70,114.04
深圳・龙华区・民治,22.62,114.04
深圳・福田区・购物公园,22.54,114.05
深圳・龙华区・龙华,22.70,114.04
深圳・南山区・科技园,22.56,113.95
深圳・龙华区・民治,22.62,114.04
深圳・南山区・科技园,22.56,113.95
深圳・南山区・科技园,22.56,113.95
深圳・罗湖区・国贸,22.54,114.12
深圳・宝安区・沙井,22.72,113.83
深圳・宝安区・新安,22.55,113.89
深圳・龙华区・民治,22.62,114.04
深圳,22.54,114.06
深圳・龙岗区・坂田,22.63,114.07
深圳・南山区・科技园,22.56,113.95
深圳・福田区・梅林,22.57,114.04
深圳・龙华区・龙华,22.70,114.04
深圳・盐田区・沙头角,22.56,114.23
深圳・南山区・科技园,22.56,113.95
深圳・福田区・沙尾村,22.52,114.04
深圳・南山区・科技园,22.56,113.95
深圳・龙岗区・坂田,22.63,114.07
深圳・南山区・前海,22.52,113.88
深圳・南山区・科技园,22.56,113.95
深圳・福田区・车公庙,22.54,114.03
深圳・龙岗区・李朗聚星商城,22.64,114.13
深圳・南山区・西丽,22.58,113.95
深圳・宝安区・西乡,22.58,113.88
深圳・南山区・海岸城,22.52,113.94
深圳・龙岗区・坂田,22.63,114.07
深圳・宝安区・福永,22.68,113.81
深圳・南山区・科技园,22.56,113.95
深圳・龙岗区・坂田,22.63,114.07
杭州,30.25,120.21
杭州・西湖区・古荡,30.27,120.11
杭州・西湖区・西溪,40.05,116.60
杭州・余杭区・仓前,30.29,119.99
杭州・余杭区・五常,30.30,120.04
杭州・余杭区・五常,30.30,120.04
杭州・余杭区・仓前,30.29,119.99
杭州・余杭区・五常,30.30,120.04
杭州・西湖区・文二路,30.28,120.12
杭州・余杭区・仓前,30.29,119.99
杭州・西湖区・西湖,30.13,120.13
杭州・滨江区・长河,30.20,120.19
杭州・上城区・火车东站,30.29,120.21
杭州・余杭区・未来科技城,30.29,120.00
杭州・西湖区・文二路,30.28,120.12
杭州・西湖区・文新,30.29,120.10
杭州・余杭区・西溪,30.24,119.98
杭州・西湖区・西溪,40.05,116.60
杭州・西湖区・转塘,30.16,120.08
杭州・西湖区・三墩,30.32,120.09
杭州・西湖区・古荡,30.27,120.11
杭州・西湖区・古荡,30.27,120.11
杭州・滨江区・滨江区政府,30.21,120.21
杭州・上城区・城站,30.24,120.18
杭州・余杭区・五常,30.30,120.04
杭州,30.25,120.21
杭州・余杭区・五常,30.30,120.04
杭州・西湖区・翠苑,39.67,116.11
杭州・余杭区・五常,30.30,120.04
杭州・萧山区・北干,30.18,120.27
杭州・滨江区・浦沿,30.17,120.15
杭州・临平区・临平,30.42,120.30
杭州・西湖区・转塘,30.16,120.08
杭州・西湖区・西溪,40.05,116.60
杭州・滨江区・长河,30.20,120.19
杭州・余杭区・仓前,30.29,119.99
杭州,30.25,120.21
杭州・西湖区・文二路,30.28,120.12
杭州・西湖区・西溪,40.05,116.60
杭州・余杭区・五常,30.30,120.04
杭州・余杭区・五常,30.30,120.04
杭州・钱塘区・高沙商业街,30.32,120.34
杭州,30.25,120.21
杭州・余杭区・五常,30.30,120.04
杭州・余杭区・西溪,30.24,119.98
杭州・余杭区・五常,30.30,120.04
杭州・西湖区・文二路,30.28,120.12
杭州・余杭区・未来科技城,30.29,120.00
杭州・滨江区・长河,30.20,120.19
杭州・西湖区・古荡,30.27,120.11
杭州・西湖区・转塘,30.16,120.08
杭州・滨江区・浦沿,30.17,120.15
杭州・钱塘区・下沙,30.32,120.34
杭州・萧山区・国际机场,30.23,120.43
